{"stat.useItem.minecraft.bow":8,"stat.useItem.minecraft.chain_command_block":13,"stat.useItem.minecraft.quartz_block":130,"stat.useItem.minecraft.stone":16,"stat.leaveGame":8,"stat.useItem.minecraft.repeating_command_block":17,"stat.useItem.minecraft.stained_glass_pane":14,"stat.useItem.minecraft.bedrock":1,"stat.jump":1148,"stat.swimOneCm":3653,"stat.fallOneCm":2872,"stat.climbOneCm":2880,"stat.useItem.minecraft.planks":13,"stat.useItem.minecraft.end_rod":12,"stat.crouchOneCm":13315,"stat.useItem.minecraft.dirt":20,"achievement.exploreAllBiomes":{"value":0,"progress":["Desert"]},"stat.useItem.minecraft.water_bucket":22,"stat.damageTaken":130,"stat.flyOneCm":511706,"stat.pickup.minecraft.redstone":4,"stat.timeSinceDeath":362059,"stat.useItem.minecraft.iron_bars":32,"stat.useItem.minecraft.command_block":15,"stat.walkOneCm":244383,"stat.useItem.minecraft.lever":4,"stat.useItem.minecraft.comparator":1,"stat.useItem.minecraft.cobblestone":13,"stat.useItem.minecraft.lava_bucket":6,"stat.pickup.minecraft.wooden_button":2,"stat.useItem.minecraft.redstone_block":9,"stat.useItem.minecraft.redstone":8,"stat.useItem.minecraft.stained_hardened_clay":147,"stat.useItem.minecraft.leaves":18,"stat.sprintOneCm":146075,"stat.useItem.minecraft.diamond_block":2,"stat.useItem.minecraft.fence":27,"achievement.openInventory":136,"stat.useItem.minecraft.wooden_button":2,"stat.useItem.minecraft.stone_pressure_plate":2,"stat.useItem.minecraft.cobblestone_wall":12,"stat.playOneMinute":362059,"stat.useItem.minecraft.ladder":6,"stat.sneakTime":6671,"stat.useItem.minecraft.sandstone":27}