{"stat.useItem.minecraft.iron_bars":63,"stat.walkOneCm":166621,"stat.useItem.minecraft.chain_command_block":62,"stat.useItem.minecraft.quartz_block":1,"stat.useItem.minecraft.lever":37,"stat.leaveGame":3,"stat.useItem.minecraft.repeating_command_block":3,"stat.useItem.minecraft.bedrock":13,"stat.jump":1644,"stat.swimOneCm":1815,"stat.climbOneCm":253,"stat.useItem.minecraft.redstone":9,"stat.crouchOneCm":3723,"stat.useItem.minecraft.stained_hardened_clay":58,"stat.killEntity.Squid":1,"stat.useItem.minecraft.redstone_torch":5,"stat.sprintOneCm":121297,"achievement.exploreAllBiomes":{"value":0,"progress":["Desert"]},"stat.useItem.minecraft.sandstone_stairs":4,"achievement.openInventory":106,"stat.pickup.minecraft.shears":5,"stat.mobKills":1,"stat.pickup.minecraft.dye":3,"stat.flyOneCm":197579,"stat.pickup.minecraft.lever":1,"stat.drop":7,"stat.drop.minecraft.chain_command_block":6,"stat.playOneMinute":127927,"stat.sneakTime":8145,"stat.damageDealt":100,"stat.pickup.minecraft.redstone":1,"stat.timeSinceDeath":127927,"stat.drop.minecraft.shears":1,"stat.useItem.minecraft.sign":2,"stat.diveOneCm":11433,"stat.useItem.minecraft.sandstone":27}