{"stat.chestOpened":21,"stat.flowerPotted":1,"stat.useItem.minecraft.command_block":41,"stat.pickup.minecraft.repeating_command_block":1,"stat.walkOneCm":227947,"stat.useItem.minecraft.chain_command_block":38,"stat.useItem.minecraft.chest":3,"stat.useItem.minecraft.lever":1,"stat.pickup.minecraft.sign":6,"stat.useItem.minecraft.hardened_clay":15,"stat.mineBlock.minecraft.stone_button":1,"stat.pickup.minecraft.stick":2,"stat.leaveGame":6,"stat.useItem.minecraft.repeating_command_block":12,"stat.pickup.minecraft.rabbit_foot":5,"stat.useItem.minecraft.flower_pot":1,"stat.jump":723,"stat.useItem.minecraft.experience_bottle":420,"stat.useItem.minecraft.redstone_block":4,"stat.fallOneCm":63421,"stat.useItem.minecraft.end_rod":3,"stat.crouchOneCm":2159,"stat.useItem.minecraft.stained_hardened_clay":289,"stat.useItem.minecraft.stone_button":45,"stat.sprintOneCm":174241,"stat.useItem.minecraft.stained_glass":28,"achievement.exploreAllBiomes":{"value":0,"progress":["Mesa Plateau","River"]},"achievement.openInventory":152,"stat.damageTaken":4860,"stat.drop.minecraft.stone_button":2,"stat.useItem.minecraft.golden_apple":8,"stat.flyOneCm":277026,"stat.deaths":8,"stat.drop":5,"stat.playOneMinute":146452,"stat.pickup.minecraft.chain_command_block":14,"stat.pickup.minecraft.stone_button":27,"stat.useItem.minecraft.cake":11,"stat.sneakTime":2312,"stat.drop.minecraft.rabbit_foot":3,"stat.timeSinceDeath":16192,"stat.useItem.minecraft.sign":25}